title,description,price,count
"ProductOne","ProductOneDescription",12,90
"ProductTwo","ProductOneDescription",12,90
"ProductThree","ProductOneDescription",12,90
"ProductFour","ProductOneDescription",12,90
"ProductFive","ProductOneDescription",12,90
"ProductSix","ProductOneDescription",12,90
"ProductSeven","ProductOneDescription",12,90
"ProductEight","ProductOneDescription",12,90
"ProductNine","ProductOneDescription",12,90
"ProductTen","ProductOneDescription",12,90
"ProductEleven","ProductOneDescription",12,90
